StartDate,EndDate,Status,IPAddress,Progress,Duration (in seconds),Finished,RecordedDate,ResponseId,RecipientLastName,RecipientFirstName,RecipientEmail,ExternalReference,LocationLatitude,LocationLongitude,DistributionChannel,UserLanguage,Q1.1,Q3.1_First Click,Q3.1_Last Click,Q3.1_Page Submit,Q3.1_Click Count,Q3.2,Q3.3,Q3.4,Q3.5,Q3.6,Q3.7,Q3.8,Q3.9,Q3.10,Q3.11,Q3.12,Q3.13,Q3.14,Q3.15,Q3.16,Q3.17,Q3.18,Q10.1_1,Q10.1_2,Q10.1_3,Q10.1_4,Q10.1_5,Q10.1_6,Q10.1_7,Q10.1_8,Q10.1_9,Q10.1_10,Q10.1_11,Q10.1_12,Q10.1_13,Q10.1_14,Q10.1_15,Q5.1_First Click,Q5.1_Last Click,Q5.1_Page Submit,Q5.1_Click Count,Q5.3,Q5.4,Q5.5,Q5.6,Q5.7,Q5.8,Q5.9,Q5.10_First Click,Q5.10_Last Click,Q5.10_Page Submit,Q5.10_Click Count,Q5.11,Q5.12,Q5.13,Q5.14,Q5.15,Q5.16,Q5.17,Q5.18_First Click,Q5.18_Last Click,Q5.18_Page Submit,Q5.18_Click Count,Q5.19,Q5.20,Q5.21,Q5.22,Q5.23,Q5.24,Q5.25,Q5.26_First Click,Q5.26_Last Click,Q5.26_Page Submit,Q5.26_Click Count,Q5.27,Q5.28,Q5.29,Q5.30,Q5.31,Q5.32,Q5.33,Q5.34,Q6.1_First Click,Q6.1_Last Click,Q6.1_Page Submit,Q6.1_Click Count,Q6.2_1,Q6.2_2,Q6.2_3,Q6.2_4,Q6.2_5,Q6.2_6,Q6.2_7,Q6.2_8,Q6.3,Q7.1_First Click,Q7.1_Last Click,Q7.1_Page Submit,Q7.1_Click Count,Q6.2_1,Q6.2_2,Q6.2_3,Q6.2_4,Q6.2_5,Q6.2_6,Q6.2_7,Q7.3,Q8.1_First Click,Q8.1_Last Click,Q8.1_Page Submit,Q8.1_Click Count,Q8.2_1,Q8.2_2,Q8.2_3,Q8.2_4,Q8.2_5,Q8.3_First Click,Q8.3_Last Click,Q8.3_Page Submit,Q8.3_Click Count,Q8.4_1,Q8.4_2,Q8.4_3,Q8.4_4,Q8.4_5,Q8.5_First Click,Q8.5_Last Click,Q8.5_Page Submit,Q8.5_Click Count,Q8.6_1,Q8.6_2,Q8.6_3,Q8.6_4,Q8.6_5,Q8.7_First Click,Q8.7_Last Click,Q8.7_Page Submit,Q8.7_Click Count,Q8.8_1,Q8.8_2,Q8.8_3,Q8.8_4,Q8.8_5,Q8.9_First Click,Q8.9_Last Click,Q8.9_Page Submit,Q8.9_Click Count,Q8.10_1,Q8.10_2,Q8.10_3,Q8.10_4,Q8.10_5,Q8.11_First Click,Q8.11_Last Click,Q8.11_Page Submit,Q8.11_Click Count,Q8.12_1,Q8.12_2,Q8.12_3,Q8.12_4,Q8.12_5,Q8.12_6,Q9.1_First Click,Q9.1_Last Click,Q9.1_Page Submit,Q9.1_Click Count,Q9.2,Q9.3,Q9.4,Q9.4_8_TEXT,Q9.5,Q9.6,Q9.7,Q9.8,Q9.9,Q9.10,Q9.10_24_TEXT,Q9.11,Q9.11_12_TEXT,Q9.12,Q9.13,Q9.13_24_TEXT,Q9.14,Q10.1_First Click,Q10.1_Last Click,Q10.1_Page Submit,Q10.1_Click Count,Q10.2,Q10.3,Q10.4,Q10.5,Q11.1_First Click,Q11.1_Last Click,Q11.1_Page Submit,Q11.1_Click Count,Q11.2,Q11.3,Q11.4,Q11.5,Q11.6,Q11.7,Q11.8,Q11.9,Q11.10,Q11.11,Q11.12
Start Date,End Date,Response Type,IP Address,Progress,Duration (in seconds),Finished,Recorded Date,Response ID,Recipient Last Name,Recipient First Name,Recipient Email,External Data Reference,Location Latitude,Location Longitude,Distribution Channel,User Language,Please put the participant's identification code:,Timing - First Click,Timing - Last Click,Timing - Page Submit,Timing - Click Count,I generally enjoy listening to sad music,Listening to sad music induces unpleasant feelings in me,Listening to sad music makes me anxious,The feelings associated I am experiencing while listening to sad music are evoked by memories associated with the music,Sad music reminds me of the tragedies of my personal life,"When I listen to sad music, I feel that I am not alone with my feelings","When I listen to sad music, I feel that my own negative feelings are justifiable",Listening to sad music relaxes me,Listening to sad music gives me strength,My appreciation for life grows when I listen to sad music,I sometimes deliberately seek sadness by listening to sad music,Sad music can make me sad although I felt happy before listening to it,I listen to sad music when I am sad,"When listening to sad music, I feel feelings of grief, loss, and/or heartbreak","When listening to sad music, I feel feelings of comfort, relief, and/or tenderness:","When listening to sad music, I feel feelings of depression, gloom, and/or sadness:","When listening to sad music, I feel feelings of joy, wonder, and/or transcendence:","When listening to music, how often do you... - feel absorbed and immersed","When listening to music, how often do you... - completely lose track of time","When listening to music, how often do you... - feel chills down your spine","When listening to music, how often do you... - get goose bumps","When listening to music, how often do you... - feel like you're somewhere else","When listening to music, how often do you... - feel like your hair is standing on end","When listening to music, how often do you... - feel like crying","When listening to music, how often do you... - feel touched or moved","When listening to music, how often do you... - feel detached from your surroundings","When listening to music, how often do you... - feel a sense of awe and wonder","When listening to music, how often do you... - feel a lump in your throat","When listening to music, how often do you... - feel sensation in the pit of the stomach","When listening to music, how often do you... - feel like your heart is racing","When listening to music, how often do you... - feel like your heart skips a beat","When listening to music, how often do you... - feel a strong emotional response directly to music",Timing - First Click,Timing - Last Click,Timing - Page Submit,Timing - Click Count,"I daydream and fantasize, with some regularity, about things that might happen to me.","I often have tender, concerned feelings for people less fortunate than me.","I sometimes find it difficult to see things from the ""other guy's"" point of view.",Sometimes I don't feel very sorry for other people when they are having problems.,I really get involved with the feelings of the characters in a novel.,"In emergency situations, I feel apprehensive and ill-at-ease.","I am usually objective when I watch a movie or play, and I don't often get completely caught up in it.",Timing - First Click,Timing - Last Click,Timing - Page Submit,Timing - Click Count,I try to look at everybody's side of a disagreement before I make a decision.,"When I see someone being taken advantage of, I feel kind of protective towards them.",I sometimes feel helpless when I am in the middle of a very emotional situation.,I sometimes try to understand my friends better by imagining how things look from their perspective.,Becoming extremely involved in a good book or movie is somewhat rare for me.,"When I see someone get hurt, I tend to remain calm.",Other people's misfortunes do not usually disturb me a great deal.,Timing - First Click,Timing - Last Click,Timing - Page Submit,Timing - Click Count,"If I'm sure I'm right about something, I don't waste much time listening to other people's arguments.","After seeing a play or movie, I have felt as though I were one of the characters.",Being in a tense emotional situation scares me.,"When I see someone being treated unfairly, I sometimes don't feel very much pity for them.",I am usually pretty effective in dealing with emergencies.,I am often quite touched by things that I see happen.,I believe that there are two sides to every question and try to look at them both.,Timing - First Click,Timing - Last Click,Timing - Page Submit,Timing - Click Count,I would describe myself as a pretty soft-hearted person.,"When I watch a good movie, I can very easily put myself in the place of a leadingcharacter.",Please select 2 for the question below,I tend to lose control during emergencies.,"When I'm upset at someone, I usually try to ""put myself in his shoes"" for a while.","When I am reading an interesting story or novel, I imagine how I would feel if theevents in the story were happening to me.","When I see someone who badly needs help in an emergency, I go to pieces.","Before criticizing somebody, I try to imagine how I would feel if I were in their place.",Timing - First Click,Timing - Last Click,Timing - Page Submit,Timing - Click Count,"Over the last 2 weeks, how often have you been bothered by any of the following problems? - 1. Little interest or pleasure in doing things","Over the last 2 weeks, how often have you been bothered by any of the following problems? - 2. Feeling down, depressed, or hopeless","Over the last 2 weeks, how often have you been bothered by any of the following problems? - 3. Trouble falling asleep or staying asleep, or sleeping too much","Over the last 2 weeks, how often have you been bothered by any of the following problems? - 4. Feeling tired or having little energy","Over the last 2 weeks, how often have you been bothered by any of the following problems? - 5. Poor appetite or overeating","Over the last 2 weeks, how often have you been bothered by any of the following problems? - 6. Feeling bad about yourself-or that you are a failure or have let yourself or your family down","Over the last 2 weeks, how often have you been bothered by any of the following problems? - 7. Trouble concentrating on things, such as reading the newspaper or watching television","Over the last 2 weeks, how often have you been bothered by any of the following problems? - 8. Moving or speaking so slowly other people could have noticed. Or the opposite -- being so figety or restless that you have been moving around a lot more than usual","If you checked off any problems, how difficult have these problems made it for you to do your work, take care of things at home, or get along with other people?",Timing - First Click,Timing - Last Click,Timing - Page Submit,Timing - Click Count,"Over the last 2 weeks, how often have you been bothered by any of the following problems? - 1. Feeling nervous, anxious, or on edge","Over the last 2 weeks, how often have you been bothered by any of the following problems? - 2. Not being able to stop or control worrying","Over the last 2 weeks, how often have you been bothered by any of the following problems? - 3. Worrying too much about different things","Over the last 2 weeks, how often have you been bothered by any of the following problems? - 4. Trouble relaxing","Over the last 2 weeks, how often have you been bothered by any of the following problems? - 5. Being so restless that it's hard to sit still","Over the last 2 weeks, how often have you been bothered by any of the following problems? - 6. Becoming easily annoyed or irritable","Over the last 2 weeks, how often have you been bothered by any of the following problems? - 7. Feeling afraid as if something awful might happen","If you checked off any problems, how difficult have these problems made it for you to do your work, take care of things at home, or get along with other people?",Timing - First Click,Timing - Last Click,Timing - Page Submit,Timing - Click Count,Please choose the most appropriate category: - I spend a lot of free time doing music-related activities.,Please choose the most appropriate category: - I sometimes choose music that can trigger shivers down my spine.,"Please choose the most appropriate category: - I enjoy writing about music, for example on blogs and forums.","Please choose the most appropriate category: - If somebody starts singing a song I don't know, I can usually join in.",Please choose the most appropriate category: - I am able to judge whether someone is a good singer or not.,Timing - First Click,Timing - Last Click,Timing - Page Submit,Timing - Click Count,Please choose the most appropriate category: - I usually know when I'm hearing a song for the first time.,Please choose the most appropriate category: - I can sing or play music from memory.,Please choose the most appropriate category: - I'm intrigued by musical styles I'm not familiar with and want to find out more.,Please choose the most appropriate category: - Pieces of music rarely evoke emotions for me.,Please choose the most appropriate category: - I am able to hit the right notes when I sing along with a recording.,Timing - First Click,Timing - Last Click,Timing - Page Submit,Timing - Click Count,Please choose the most appropriate category: - I find it difficult to spot mistakes in a performance of a song even if I know the tune.,Please choose the most appropriate category: - I can compare and discuss differences between two performances or versions of the same piece of music.,Please choose the most appropriate category: - I have trouble recognizing a familiar song when played in a different way or by a different performer.,Please choose the most appropriate category: - I have never been complimented for my talents as a musical performer.,Please choose the most appropriate category: - I often read or search the internet for things related to music.,Timing - First Click,Timing - Last Click,Timing - Page Submit,Timing - Click Count,Please choose the most appropriate category: - I often pick certain music to motivate or excite me.,Please choose the most appropriate category: - I am not able to sing in harmony when somebody is singing a familiar tune.,Please choose the most appropriate category: - I can tell when people sing or play out of time with the beat.,Please choose the most appropriate category: - I am able to identify what is special about a given musical piece.,Please choose the most appropriate category: - I am able to talk about the emotions that a piece of music evokes for me.,Timing - First Click,Timing - Last Click,Timing - Page Submit,Timing - Click Count,Please choose the most appropriate category: - I don't spend much of my disposable income on music.,Please choose the most appropriate category: - I can tell when people sing or play out of tune.,"Please choose the most appropriate category: - When I sing, I have no idea whether I'm in tune or not.",Please choose the most appropriate category: - Music is kind of an addiction for me- I couldn't live without it.,Please choose the most appropriate category: - I don't like singing in public because I'm afraid that I would sing wrong notes.,Timing - First Click,Timing - Last Click,Timing - Page Submit,Timing - Click Count,Please choose the most appropriate category: - When I hear a piece of music I can usually identify its genre.,Please choose the most appropriate category: - I would not consider myself a musician.,Please choose the most appropriate category: - I keep track of new music that I come across (e.g new artists or recordings).,"Please choose the most appropriate category: - After hearing a new song two or three times, I can usually sing it by myself.",Please choose the most appropriate category: - I only need to hear a new tune once and I can sing it back hours later.,Please choose the most appropriate category: - Music can evoke my memories of past people and places.,Timing - First Click,Timing - Last Click,Timing - Page Submit,Timing - Click Count,I began playing a musical instrument at the age of:,"I engaged in regular, daily practice of a musical instrument (including voice) for:","On average, at the peak of my interest, I practiced my primary instrument this many hours per day: - Selected Choice","On average, at the peak of my interest, I practiced my primary instrument this many hours per day: - Never practiced daily        (Please write the # of hours per week) - Text","During my lifetime, I have had formal training on a music instrument (including voice) for:",I can play this many musical instruments:,I have had formal training in music theory for:,I have attended this many live music events as an audience member in the past twelve months:,"Per day, I listen attentively to music for:",The instrument I play best is: - Selected Choice,The instrument I play best is: - other (please specify) - Text,The primary genre(s) that I play is (select up to three): - Selected Choice,The primary genre(s) that I play is (select up to three): - other (please specify) - Text,"If you play another instrument, please list them here.If you only play one instrument, please write ""NA""",What musical genre do you mainly listen to (select up to 3)? - Selected Choice,What musical genre do you mainly listen to (select up to 3)? - Other (please specify) - Text,Do you have absolute/perfect pitch?,Timing - First Click,Timing - Last Click,Timing - Page Submit,Timing - Click Count,What is your occupational status:,"What is your occupation?If you are a student, please write your major and minor","What is the highest degree or level of school you have completed? If currently enrolled, select highest degree received","If you are still in education, which degree are you currently working towards obtaining?",Timing - First Click,Timing - Last Click,Timing - Page Submit,Timing - Click Count,What is your age?,What sex were you assigned at birth?,How would you describe yourself currently?,Preferred Gender Pronouns:,Are you mostly right-handed or mostly left-handed,What is your ethnicity (check all that apply)?,Is English your first language?,"If English is not your first language, what is your native language?",How many years have you been speaking English?,Nationality:,In which country did you spent the most formative years of your childhood and youth:
2/21/18 14:43,2/21/18 15:01,0,207.151.35.20,100,1027,1,2/21/18 15:01,R_sALoyEonDaZDtCx,,,,,34.02659607,-118.2830963,anonymous,EN,sub-01,3.604,99.244,100.717,28,4,1,1,4,1,3,2,5,5,4,4,2,2,3,5,1,5,6,4,5,5,2,4,2,4,1,5,3,4,3,2,5,12.45,51.197,52.182,13,3,1,4,4,2,1,4,3.992,37.095,38.051,10,4,3,1,2,2,4,4,2.477,39.594,40.536,16,5,3,2,2,4,2,3,5.618,49.408,50.663,26,2,4,2,1,2,4,1,3,7.976,46.023,46.599,12,1,0,2,0,1,0,0,0,1,11.021,50.513,51.803,13,0,0,0,0,0,0,0,1,6.574,35.584,36.257,5,7,7,6,7,6,5.192,24.491,25.433,7,6,7,7,1,6,4.841,30.45,31.596,7,1,7,2,1,6,3.368,32.495,33.403,8,5,3,7,6,3,5.289,30.2,31.312,10,1,7,3,7,1,3.959,31.15,32.376,6,7,1,7,7,5,7,1.75,4.314,5.622,2,5,7,5,,7,7,6,6,6,,,"1,8,10",,"Bass, Guitar, Piano, Sitar, Mandolin","2,4,21",,2,2.773,53.847,55.617,8,2,Music Composition Major,4,3,1.585,23.478,24.423,9,21,1,1,1,1,"1,7",1,,,United States,United States
2/23/18 15:09,2/23/18 15:25,0,207.151.35.20,100,925,1,2/23/18 15:25,R_1r7d20ho525SIwe,,,,,34.02659607,-118.2830963,anonymous,EN,sub-02,2.201,100.098,100.66,25,4,4,4,5,4,4,3,5,3,5,2,4,4,4,3,3,3,5,5,5,5,4,4,2,6,5,5,3,3,5,5,7,11.774,40.956,42.59,10,4,4,1,2,3,3,5,1.261,36.721,37.746,11,5,4,3,4,2,4,1,6.928,37.214,38.814,8,4,5,4,3,3,3,5,6.202,48.932,50.417,13,3,4,2,2,3,3,1,4,14.626,50.628,54.854,9,0,0,0,1,1,0,1,0,2,6,58.419,60.021,11,1,0,1,0,0,0,0,2,1.935,29.356,33.209,8,6,5,2,3,6,9.983,25.763,30.957,5,6,7,5,2,6,2.153,31.86,32.898,6,2,6,4,2,6,3.374,26.858,27.489,7,6,3,6,6,7,7.984,22.899,28.938,5,4,6,3,7,2,5.154,28.904,31.479,6,6,3,6,5,3,7,1.565,2.093,7.705,2,17,5,6,,1,4,2,2,6,,,"2,6,10",,"Guitar, ukulele, harmonica","17,21,23",,2,2.957,42.367,43.785,8,2,"Major: Philosophy, Politics, and Law",4,3,1.676,19.036,24.132,11,21,1,1,1,1,1,1,,,United States,United States
4/18/18 0:47,4/18/18 0:52,0,207.151.35.5,100,302,1,4/18/18 0:52,R_1KoOEgEIlNuuEgu,,,,,34.02659607,-118.2830963,anonymous,EN,sub-03,2.872,138.707,140.251,22,5,2,1,5,4,5,4,5,5,5,4,4,5,4,4,3,3,6,5,5,4,6,4,3,6,7,7,4,3,3,2,5,14.094,56.691,58.788,7,5,4,2,2,4,5,1,9.544,45.189,46.568,7,3,4,4,5,1,3,2,7.493,38.077,39.015,7,2,4,3,1,3,5,4,3.238,43.824,44.581,10,5,4,2,2,4,4,1,5,5.536,50.049,50.996,10,0,0,0,3,1,0,1,0,2,10.107,36.432,38.134,8,1,0,1,1,0,0,0,2,4.188,26.088,27.43,5,7,7,5,6,7,3.647,27.352,28.265,6,7,6,7,1,6,7.954,35.848,36.858,5,2,6,1,1,7,3.369,18.759,19.907,5,7,1,7,7,7,8.795,29.158,31.017,5,3,7,2,7,2,3.159,27.471,28.633,6,7,1,7,5,4,7,1.677,241.684,243.933,26,6,7,6,,7,4,7,7,3,1,,"1,2,4",,"violin, voice","1,17,19",,2,5.917,60.176,61.469,6,2,"Student, Health Promotion and Disease Prevention Major, Intended Music Production Minor",4,3,1.228,15.329,16.317,7,18,2,2,2,1,4,1,,,American ,United States 
4/18/18 12:17,4/18/18 12:22,0,172.91.84.137,100,333,1,4/18/18 12:22,R_3g6j5AbVS2IBE5P,,,,,34.06570435,-118.436203,anonymous,EN,sub-04,6.867,71.049,72.211,19,4,3,2,4,4,4,4,4,2,2,4,3,4,3,3,2,2,6,5,4,4,5,3,3,3,5,4,3,3,3,4,5,9.088,45.789,47.138,10,3,3,1,3,4,4,2,3.181,27.476,28.488,14,4,5,2,4,1,3,3,14.365,50.945,51.667,16,3,3,4,1,4,3,5,2.811,32.387,33.337,14,2,3,2,2,3,3,2,4,6.074,22.891,24.135,9,0,0,1,1,0,1,0,0,1,19.628,38.302,39.478,9,0,0,0,0,0,1,0,1,4.395,33.359,34.933,7,7,6,3,6,5,8.858,30.237,31.176,8,3,5,5,1,6,5.868,30.861,31.922,9,3,6,2,2,5,3.542,23.704,24.674,10,7,3,7,5,6,3.971,24.887,27.156,6,2,5,3,6,3,4.397,23.586,24.446,9,3,2,5,5,2,7,1.789,139.176,140.122,28,7,7,4,,7,3,2,6,2,3,,1,,NA,"1,7,17",,2,3.967,37.387,38.437,7,2,"Applied Mathematics major, Statistics minor",5,3,1.603,13.314,14.53,8,21,2,2,2,1,4,1,,,American,United States
4/4/18 12:50,4/4/18 12:55,0,68.181.206.6,100,270,1,4/4/18 12:55,R_ewTXS5tAxHLQ58J,,,,,34.02659607,-118.2830963,anonymous,EN,sub-05,4.395,131.065,132.935,23,4,4,2,4,3,4,4,3,2,4,5,4,4,3,4,3,2,5,4,3,3,3,3,4,5,4,3,2,3,4,3,5,14.366,42.618,45.112,9,5,4,2,2,3,1,2,2.507,28.294,30.07,9,3,3,4,4,4,4,2,9.686,40.246,41.537,8,3,3,4,2,5,3,2,2.413,36.941,38.44,8,4,3,2,2,2,4,2,3,7.352,51.162,52.984,11,0,1,0,2,1,0,1,1,1,5.723,21.954,23.213,10,0,1,1,1,0,0,0,1,9.823,34.463,35.808,7,3,6,3,5,5,9.264,29.743,31.082,5,3,5,5,5,2,7.444,37.728,39.046,7,2,5,6,6,3,3.128,22.5,23.806,6,6,6,7,5,5,10.319,32.9,33.781,7,6,6,2,4,5,18.401,45.043,46.012,8,2,7,3,2,2,6,2.368,120.659,122.559,21,10,5,8,4,5,2,1,2,2,19,,8,,NA,"1,5",,2,5.67,80.264,82.699,6,2,human biology major with a health care studies minor,4,3,1.916,15.197,16.155,7,19,1,1,1,1,1,1,,,American,USA
4/4/18 18:11,4/4/18 18:14,0,207.151.35.15,100,184,1,4/4/18 18:14,R_22lzrZUkGlirN2d,,,,,34.02659607,-118.2830963,anonymous,EN,sub-06,2.034,66.678,67.523,21,5,3,1,4,4,5,3,5,4,3,5,4,5,3,5,3,3,7,6,5,4,5,3,7,7,7,7,3,3,5,2,7,20.428,46.107,47.205,8,5,3,3,4,3,4,1,4.143,34.659,35.418,7,3,4,5,3,2,2,3,7.959,29.126,30.255,9,4,4,4,2,4,4,3,6.722,34.895,35.699,8,3,3,2,2,2,4,2,2,8.208,37.101,38.014,10,0,1,0,3,1,1,1,1,2,5.056,27.977,28.489,11,3,3,3,1,1,2,2,2,7.299,30.81,31.835,5,6,7,4,3,7,5.146,24.069,24.981,7,7,6,4,1,5,9.526,38.873,39.587,7,4,5,2,5,6,6.016,26.327,26.925,6,4,3,5,4,7,6.468,25.986,26.722,6,6,6,4,7,7,4.735,30.544,31.284,6,5,5,5,5,4,7,1.761,138.46,139.852,22,12,5,2,,3,2,1,3,3,2,,2,,NA,"12,17",,2,3.544,41.566,44.095,7,2,"Majore: Neuroscience, Minor: International Relations",4,3,1.418,12.681,14.039,7,18,1,1,1,1,4,1,,,American,United States
4/4/18 15:55,4/4/18 15:58,0,128.125.156.3,100,213,1,4/4/18 15:58,R_1q8lmvGNkOoavok,,,,,34.02659607,-118.2830963,anonymous,EN,sub-08,2.785,65.066,67.851,19,4,2,1,1,4,5,5,4,2,3,5,5,5,4,3,3,2,5,4,3,3,4,2,4,5,5,4,2,2,1,1,5,14.393,39.351,40.701,7,4,4,1,2,4,3,1,2.344,27.914,28.528,10,4,5,3,4,2,1,1,3.149,20.351,21.168,8,3,3,4,2,3,4,4,3.077,24.636,25.705,9,4,4,2,3,4,4,3,4,4.486,58.38,58.63,15,0,1,0,1,0,0,0,0,2,4.567,30.914,31.956,10,1,1,0,0,1,0,0,2,4.885,20.973,22.896,5,6,6,1,5,6,5.561,19.626,20.576,5,5,6,4,1,5,4.126,30.639,31.36,7,2,5,3,2,6,2.51,20.054,20.992,5,6,6,6,5,6,2.902,16.417,17.4,6,5,6,2,5,5,9.914,25.04,25.866,7,5,2,5,5,4,6,4.983,90.854,92.557,20,6,7,4,,7,4,1,2,4,3,,"1,2",,"voice, ukulele","5,15,17",,3,4.988,39.858,41.585,4,2,Student majoring in Computer Science and Business Administration,4,3,1.49,14.124,15.433,8,18,2,2,2,1,"1,3",1,,,American,United States of America
4/4/18 15:29,4/4/18 15:33,0,68.181.219.13,100,198,1,4/4/18 15:33,R_2dVZ2D6kHVc0Jf1,,,,,34.02659607,-118.2830963,anonymous,EN,sub-09,3.391,83.461,85.094,24,2,4,2,4,3,3,3,3,2,2,1,3,3,3,2,3,1,4,2,3,3,2,2,3,4,3,4,2,2,2,2,4,8.356,47.811,49.664,8,4,3,2,3,4,2,2,3.257,33.187,35.066,8,5,2,2,4,4,5,3,13.199,33.559,34.157,8,2,2,2,3,4,4,4,3.139,36.277,37.285,9,4,2,2,2,3,4,1,2,5.753,30.976,35.272,16,0,0,0,0,0,0,0,0,1,2.27,13.848,14.992,9,0,0,0,0,0,0,0,1,3.666,24.966,26.551,5,3,5,3,3,5,3.552,22.164,24.766,5,6,7,4,1,3,9.521,27.597,29.893,5,3,5,3,2,3,5.942,24.499,25.748,5,5,4,5,5,5,6.122,22.599,23.783,5,7,5,3,2,6,4.41,21.841,22.601,6,4,2,5,4,3,5,1.615,77.682,80.096,16,6,7,3,,7,3,7,1,1,1,,"1,2",,clarinet,"5,17",,2,5.24,52.642,55.608,9,2,"human biology major, dance minor, business finance minor",5,3,1.483,13.788,15.101,7,21,1,1,1,1,4,1,,,U.S.,U.S.
4/22/18 21:55,4/22/18 21:59,0,23.243.56.190,100,262,1,4/22/18 21:59,R_3RyZeTUfpwYMnvH,,,,,34.08630371,-118.4896011,anonymous,EN,sub-10,1.248,80.073,81.837,21,5,1,4,2,4,5,5,5,5,5,5,4,5,5,4,4,4,6,6,5,5,5,5,4,6,5,5,3,4,5,5,5,7.15,41.967,44.508,8,5,3,2,3,5,2,1,3.045,29.052,31.055,7,4,5,4,4,1,3,3,3.486,22.621,23.593,7,1,5,2,1,4,4,5,3.085,33.009,34.147,11,4,5,2,2,4,5,2,3,11.488,63.843,69.309,13,1,0,1,2,1,0,1,0,2,6.5,34.338,35.286,9,1,1,1,1,1,1,0,2,2.672,24.692,25.791,5,7,7,4,5,5,5.968,26.082,28.466,6,5,5,7,1,5,4.32,22.93,24.001,6,2,7,2,1,6,2.114,20.196,21.174,5,7,6,7,6,7,2.95,17.625,25.417,5,1,7,2,7,6,5.156,24.754,26.039,7,4,1,5,4,1,7,1.585,168.031,169.61,29,5,7,6,,6,3,5,7,2,11,,1,,piano,"1,4,23",,2,1.35,45.784,47.002,7,1,Major: Music Performance; Minor: Mathematics,4,3,1.096,13.839,15.103,7,20,2,2,2,1,6,1,,,American,USA
3/30/18 15:58,3/30/18 16:20,0,207.151.35.13,100,1322,1,3/30/18 16:20,R_1oveSCcYhJCCn86,,,,,34.02659607,-118.2830963,anonymous,EN,sub-11,7.108,200.873,203.129,24,4,2,1,5,4,1,5,4,3,3,3,5,4,5,3,3,2,6,7,5,3,7,3,5,7,6,7,2,5,2,4,7,9.753,53.432,55.774,9,4,4,1,1,5,2,1,5.48,49.935,50.95,8,4,5,2,4,1,3,2,5.764,37.308,39.227,7,4,5,1,1,5,5,4,2.953,88.294,89.465,8,5,4,2,1,2,4,1,3,16.18,106.37,109.441,11,1,1,3,3,2,2,1,2,2,5.329,42.624,46.27,10,1,0,3,2,0,1,0,1,9.135,46.55,47.439,7,5,6,2,5,6,8.896,37.122,43.349,5,3,5,6,1,3,8.006,52.366,56.596,8,4,6,2,5,2,3.951,28.08,30.297,5,7,6,7,6,7,7.598,30.746,31.768,6,7,6,5,4,7,5.235,34.413,36.558,9,5,7,3,5,3,7,4.41,4.41,37.326,1,7,3,5,,4,2,1,4,3,,,"2,5,12",alternative/indie,NA,"1,17,22,23",,2,5.459,37.282,40.886,8,2,Psychology major,5,3,1.6,32.933,34.116,10,19,2,2,2,1,4,1,,,(Filipino) American,America
4/3/18 18:33,4/3/18 18:47,0,172.113.234.224,100,842,1,4/3/18 18:47,R_2b3lrci7GIzpK4L,,,,,34.04859924,-118.4423981,anonymous,EN,sub-12,5.383,94.676,95.779,21,4,3,2,5,2,4,4,4,4,4,1,5,3,3,3,2,3,5,2,5,5,5,3,3,4,3,4,1,1,4,3,4,6.009,35.785,36.756,7,4,3,2,1,3,3,1,6.63,43.7,44.586,8,4,4,4,3,1,2,2,7.017,37.405,38.213,8,2,3,4,1,3,4,5,3.412,34.979,35.82,8,3,4,2,2,3,4,1,2,5.403,30.901,32.848,9,0,0,1,1,0,0,0,0,1,5.511,35.203,37.221,8,1,1,1,0,0,2,0,1,7.9,30.012,31.552,5,5,5,2,5,5,6.378,21.758,22.838,5,6,6,6,1,3,7.532,78.89,79.289,8,4,5,5,3,4,3.447,20.426,20.937,6,6,4,5,6,7,6.936,21.163,22.05,5,4,5,3,5,3,3.986,25.386,26.106,6,5,3,3,5,4,5,8.683,11.5,11.984,2,7,4,5,,5,4,2,4,3,,,"1,3,9",,"saxophone, piano, flute ","4,10,13,17",,2,8.468,34.557,35.836,5,2,Psychobiology and neuroscience as minor,7,5,1.362,14.981,15.97,8,21,2,2,2,1,4,2,Chinese,Ever since I was three,Taiwanese,America
4/4/18 13:39,4/4/18 13:50,0,207.151.35.15,100,684,1,4/4/18 13:50,R_XAsQGp33EKnWE1z,,,,,34.02659607,-118.2830963,anonymous,EN,sub-13,3.842,72.866,74.121,17,5,4,3,5,3,5,5,4,4,5,4,4,4,3,5,3,4,5,6,4,4,5,3,4,5,6,6,3,4,2,4,6,6.174,34.22,35.854,7,5,4,2,2,5,1,1,5.578,31.49,32.067,8,4,5,3,5,1,5,2,6.46,28.709,29.97,7,2,5,1,2,5,5,3,4.162,35.905,36.961,8,3,5,2,1,3,5,1,3,5.525,34.305,35.692,9,0,0,1,1,1,0,0,0,1,6.068,38.127,39.476,10,2,0,0,0,2,0,1,1,5.25,29.524,30.646,6,4,4,2,3,5,4.271,17.673,18.746,5,5,4,5,1,1,6.926,29.415,30.418,5,1,5,1,5,5,5.214,21.687,22.502,5,7,5,4,6,7,5.102,21.448,22.443,5,2,4,6,5,3,4.425,26.097,27.453,6,5,4,5,5,4,7,1.621,1.621,7.385,1,11,3,3,,1,2,1,5,3,,,"2,6,12",rap,,"17,19,23",,2,6.292,31.962,34.121,5,1,MFA in Film Directing; UCLA,8,4,1.593,14.171,15.373,7,26,2,2,2,1,1,1,,,White,USA
4/5/18 13:27,4/5/18 13:43,0,207.151.35.15,100,980,1,4/5/18 13:43,R_3ixx7yyiZJF9Oan,,,,,34.02659607,-118.2830963,anonymous,EN,sub-14,5.363,106.026,107.508,17,4,2,2,4,3,4,3,4,3,4,5,5,4,3,3,2,4,4,2,3,3,3,1,5,5,2,5,4,5,4,3,5,17.019,44.257,45.15,7,3,4,1,2,4,2,3,6.643,38.993,40.233,8,4,4,2,5,3,3,2,5.818,32.647,33.59,7,2,3,2,1,3,4,4,2.628,65.516,66.362,10,4,4,2,2,3,3,1,4,7.036,64.932,67.692,10,1,0,0,1,0,0,0,0,2,10.002,49.606,50.718,8,2,1,2,2,0,0,0,2,8.535,35.551,36.667,5,3,5,1,2,5,4.48,35.652,36.598,5,2,3,5,1,5,6.708,42.407,44.492,7,3,4,4,3,3,5.433,30.075,31.061,5,5,3,5,3,6,6.666,30.084,30.822,5,5,5,3,4,5,6.823,28.396,29.351,8,5,5,5,3,3,6,1.552,1.552,7.014,1,12,3,2,,4,1,1,4,2,,,12,I don't play an instrument currently,NA,"12,14,23",,2,13.879,36.271,38.415,7,2,PhD student (urban planning) with part-time consulting work,8,6,3.685,18.853,19.806,7,28,1,1,1,1,1,1,,,USA,USA (India too if you include late teens / early 20s as youth - very formative)
4/5/18 17:09,4/5/18 17:21,0,207.151.35.15,100,701,1,4/5/18 17:21,R_wNTnTqvWJR39qXD,,,,,34.02659607,-118.2830963,anonymous,EN,sub-15,3.847,102.029,103.592,23,2,5,3,5,5,3,4,1,1,1,2,5,3,3,2,4,1,4,2,5,5,2,3,3,3,2,2,2,2,3,2,3,13.214,48.668,50.897,7,4,3,1,4,5,4,2,4.444,35.641,36.855,9,5,3,5,4,2,2,2,5.637,30.438,31.298,8,2,3,3,3,4,4,5,2.169,31.771,32.805,11,4,5,2,1,3,4,2,5,8.898,30.671,32.314,9,1,2,2,2,1,1,1,0,2,5.626,29.071,30.972,11,2,2,2,1,1,1,2,2,5.286,30.413,31.247,5,2,6,1,4,5,5.283,20.809,21.553,5,5,4,3,1,6,5.254,24.353,25.14,7,1,7,1,1,4,3.528,18.188,19.019,5,7,1,7,6,6,5.163,24.476,26.826,8,6,7,1,5,4,3.627,22.388,23.134,7,6,1,6,5,2,7,1.516,1.516,4.831,1,8,6,4,,6,3,6,4,1,,,"1,2,5",,NA,"1,4,19",,3,1.84,29.676,31.397,8,2,International relations and global business,4,3,1.18,13.149,14.037,7,20,2,2,2,1,4,1,,,Korean,USA
4/6/18 15:02,4/6/18 15:17,0,207.151.35.15,100,873,1,4/6/18 15:17,R_72PKTW3ttG3NDzz,,,,,34.02659607,-118.2830963,anonymous,EN,sub-16,7.074,122.114,124.486,19,2,2,3,4,3,3,1,3,2,3,1,4,4,2,2,1,2,6,5,4,2,6,2,2,6,4,6,2,1,3,3,6,14.609,50.92,52.315,8,4,2,2,3,2,3,4,4.499,45.736,47.066,8,4,4,4,3,5,4,3,4.17,31.259,32.331,8,4,1,3,2,5,3,3,6.265,42.719,43.828,14,2,1,2,1,2,2,1,3,4.555,47.924,51.265,10,1,0,0,1,2,0,0,0,1,7.9,37.493,40.913,8,1,0,0,1,0,0,0,1,5.15,21.236,23.468,5,6,5,2,5,6,8.17,31.262,33.777,7,3,3,5,4,2,5.706,40.487,41.899,8,3,5,4,3,7,3.593,23.267,24.326,6,7,4,5,6,5,4.157,21.081,22.098,6,3,5,5,5,3,4.259,25.603,28.585,7,6,4,6,4,2,5,1.368,1.368,5.612,1,6,6,3,,6,2,1,5,5,,,"1,8",,NA,"7,19,22",,2,4.131,37.692,39.763,6,2,Chemical Engineering,4,3,1.425,13.528,14.46,7,21,1,1,1,1,1,1,,,American,USA
4/9/18 16:58,4/9/18 17:20,0,207.151.35.13,100,1295,1,4/9/18 17:20,R_2YyWcVkQKWb5VP3,,,,,34.02659607,-118.2830963,anonymous,EN,sub-17,5.667,93.895,96.063,18,4,2,2,3,2,4,3,4,4,3,4,5,5,3,4,3,3,6,5,4,4,7,3,4,5,6,7,4,3,4,4,6,6.144,55.881,59.878,9,5,4,1,2,5,3,1,3.853,54.621,62.098,8,4,2,3,4,1,3,1,8.663,38.307,39.82,7,1,5,4,1,4,5,5,6.793,63.483,64.509,9,3,4,2,2,4,4,3,4,8.505,75.267,76.391,10,0,2,3,3,0,2,1,0,1,29.464,89.25,92.972,10,1,2,2,1,1,1,2,1,52.322,79.117,80.02,6,5,4,4,2,5,4.982,23.833,24.764,5,4,6,5,1,5,7.803,30.563,31.638,5,3,5,3,4,6,4.057,23.55,24.628,6,7,5,6,5,6,5.286,19.308,20.138,5,2,5,3,6,5,2.566,31.982,33.743,7,4,5,3,5,4,7,1.954,1.954,19.874,1,8,5,4,,1,2,1,5,2,,,12,I don't play an instrument currently,NA,"4,6,12",,3,4.286,30.791,33.589,4,1,Doctoral Student; Urban Planning & Development,9,6,1.911,15.131,17.162,7,30,2,2,2,1,4,2,Korean,25+ years,South Korea,The United States and South Korea
4/10/18 16:21,4/10/18 16:40,0,207.151.35.5,100,1157,1,4/10/18 16:40,R_11cHMSMj5oCDcjl,,,,,34.02659607,-118.2830963,anonymous,EN,sub-18,7.747,129.535,131.961,19,4,2,1,5,5,2,3,5,4,3,5,1,3,3,3,3,2,2,1,4,5,3,5,6,6,4,4,5,5,5,2,3,7.761,69.366,70.718,9,5,4,1,2,4,4,3,34.215,79.888,81.044,7,5,3,4,5,2,5,2,8.981,70.268,71.047,8,4,3,4,1,1,5,5,4.552,78.882,79.938,8,3,2,2,3,4,4,3,4,11.44,57.37,59.359,9,1,1,1,2,1,2,0,1,2,8.295,65.068,66.331,8,3,3,3,1,0,1,2,2,7.793,30.644,31.737,5,1,1,1,1,5,13.681,39.79,41.523,5,3,2,4,3,4,9.745,43.272,44.407,5,3,5,4,3,3,6.27,34.399,35.713,5,5,5,4,5,7,6.762,29.756,30.943,5,7,5,3,1,6,9.032,38.939,40.008,7,4,6,3,2,1,6,2.32,2.32,10.179,1,18,2,2,,3,2,2,2,1,,,"2,6",,NA,"3,4,5,8,12,17,21",,2,5.5,34.111,36.58,4,2,PhD in Urban Planning and Development,9,6,1.51,31.715,33.23,7,27,1,1,1,1,4,2,Bengali,24,Indian,India
4/12/18 13:48,4/12/18 14:06,0,207.151.35.11,100,1107,1,4/12/18 14:06,R_82DwYzumVtDlA5P,,,,,34.02659607,-118.2830963,anonymous,EN,sub-19,22.56,117.664,119.322,22,4,2,2,4,3,4,2,4,2,4,1,1,1,3,4,4,3,6,5,5,4,6,4,3,5,5,5,4,5,3,3,6,4.364,40.226,41.225,7,4,4,1,3,2,4,3,2.62,51.463,52.322,7,4,3,4,5,1,4,3,5.523,40.902,43.67,7,2,4,2,1,4,4,5,2.373,33.088,34.015,8,4,4,2,2,4,4,2,4,14.303,59.526,63.06,9,1,1,2,0,2,1,0,0,2,4.611,29.923,32.132,9,0,0,1,1,0,1,1,2,4.106,28.206,29.603,9,6,6,3,5,6,4.607,18.639,19.534,6,6,6,7,1,6,16.464,35.414,36.317,5,2,6,2,2,4,3.409,23.578,24.184,6,6,3,7,5,5,13.131,31.992,33.614,5,5,7,2,5,5,6.267,38.294,39.195,7,6,5,7,5,5,7,1.481,24.456,30.94,3,5,5,4,,5,2,4,4,3,,,"1,4",,NA,"17,19,22,24","I listen to a good mixture of everything except: heavy metal, religious, reggae, opera",3,6.517,65.992,67.84,7,2,Major: Neuroscience; Minor: Either computer science or philosophy... not sure yet,4,3,1.652,24.176,25.007,9,18,2,2,2,1,4,1,,,American,United States
4/16/18 18:41,4/16/18 18:50,0,207.151.35.11,100,535,1,4/16/18 18:50,R_1n1KWmZ2SvqA1l1,,,,,34.02659607,-118.2830963,anonymous,EN,sub-20,2.844,70.5,72.092,19,2,4,1,5,4,3,2,2,1,2,1,4,3,4,3,4,2,5,3,4,4,5,2,2,4,6,6,1,5,5,5,7,2.642,35.711,36.62,14,4,3,5,4,5,2,3,2.457,24.968,25.976,7,5,5,3,2,1,2,3,3.488,21.421,22.393,9,4,2,1,1,4,5,4,2.653,24.978,26.044,10,2,5,2,1,3,5,3,3,4.323,23.058,24.339,9,0,0,1,0,0,0,0,0,1,5.563,35.229,38.728,10,0,1,0,1,3,1,0,2,4.576,17.481,18.54,5,3,5,6,6,6,3.397,12.715,14.172,5,7,7,7,1,5,9.198,21.483,22.354,5,3,6,3,3,5,3.301,14.549,15.589,5,5,3,6,6,7,5.099,16.12,17.104,6,6,6,3,5,3,2.412,14.27,15.435,6,5,5,7,7,4,7,1.586,1.586,6.732,1,12,2,8,2,5,1,1,5,2,,,"2,5,12",hip hop,na,"19,22,23",,2,1.636,29.025,30.073,7,2,"Chemical Engineering major, ITP Innovation minor",4,3,1.438,11.722,12.673,7,18,2,2,2,1,6,1,,,American,USA
4/17/18 15:26,4/17/18 15:40,0,207.151.35.11,100,873,1,4/17/18 15:40,R_3s1wzLwKIDAro4h,,,,,34.02659607,-118.2830963,anonymous,EN,sub-21,6.097,136.733,139.357,19,5,5,4,5,4,4,3,2,4,4,4,5,4,4,3,3,2,6,6,6,7,7,6,6,7,6,7,7,7,7,5,7,6.024,51.881,53.734,9,3,5,2,3,5,4,1,5.627,37.351,39.221,9,4,4,5,5,1,2,1,4.401,31.038,33.293,8,2,4,4,1,3,5,5,2.812,37.606,38.694,9,4,4,2,4,4,5,4,5,7.894,57.033,64.878,12,0,1,1,0,0,1,0,1,1,4.178,27.513,28.713,10,1,0,1,0,0,1,0,2,8.732,27.98,28.813,6,5,6,4,5,5,7.93,39.207,40.465,7,5,5,7,2,5,7.314,30.428,31.245,5,3,5,3,3,5,6.491,36.911,37.882,5,7,3,5,5,6,4.173,29.253,31.745,7,2,5,3,5,3,3.379,34.003,34.994,7,5,2,6,4,3,5,2.481,2.481,5.148,1,8,6,7,,5,3,4,4,3,,,"1,2,3,9,10,11",,"flute, guitar","10,15,23",,2,7.122,22.846,24.084,3,3,,8,7,1.648,21.784,22.851,7,29,2,2,2,1,4,1,,,Filipino,USA
4/18/18 17:07,4/18/18 17:24,0,207.151.35.13,100,996,1,4/18/18 17:24,R_1LYwHY2B3HucCo8,,,,,34.02659607,-118.2830963,anonymous,EN,sub-22,7.291,131.189,135.46,27,4,3,1,4,3,5,3,5,5,5,3,3,4,3,3,3,3,6,5,5,4,6,4,4,5,6,7,4,4,4,4,5,17.033,59.94,61.186,7,5,5,1,1,5,3,1,3.932,36.938,44.684,8,5,5,4,5,1,2,1,13.005,62.508,63.305,9,1,4,4,1,3,5,5,3.792,52.11,53.402,8,5,5,2,2,5,5,2,5,5.868,43.833,45.625,9,0,0,0,1,0,0,1,0,1,13.334,69.755,71.316,8,1,1,1,1,0,0,0,1,8.639,32.568,35.6,5,7,7,4,5,5,8.337,31.569,32.683,6,6,5,7,1,4,6.588,43.827,44.611,7,3,5,4,5,6,6.259,26.474,27.182,6,7,5,5,6,7,5.445,36.923,37.979,7,4,5,3,4,4,3.861,36.884,38.037,10,5,5,6,6,4,7,1.818,1.818,7.167,1,12,1,2,,4,2,1,5,4,,,"1,6,10",,NA,"1,4,21",,3,5.571,55.286,57.293,4,2,Major: Fine Art / Minor: Cinematic Arts,4,3,1.469,19.637,21.167,9,21,2,2,2,1,1,1,,,American,America
4/20/18 15:12,4/20/18 15:22,0,207.151.35.13,100,621,1,4/20/18 15:22,R_2CgoUsJQ0eCJtBl,,,,,34.02659607,-118.2830963,anonymous,EN,sub-23,4.315,80.964,84.01,18,2,2,1,4,4,4,3,4,3,3,2,2,2,3,3,2,2,6,2,2,2,4,2,2,5,5,5,3,1,1,1,5,6.353,26.634,27.679,8,4,3,5,4,4,4,2,2.565,31.793,33.127,8,3,4,4,4,2,4,3,7.726,31.266,32.237,9,3,4,3,2,2,4,3,1.965,27.495,28.489,9,5,5,2,2,4,4,2,3,8.493,48.853,50.333,9,1,1,0,1,1,2,1,0,2,4.023,19.146,21.563,10,1,1,1,1,0,1,0,1,3.385,20.869,21.594,5,6,3,5,2,6,2.901,16.955,17.536,7,6,6,3,3,7,6.925,28.678,29.474,5,2,5,3,3,6,4.225,16.382,17.037,6,6,3,6,6,6,3.951,14.924,15.552,5,5,6,2,5,3,5.128,25.895,26.282,8,3,1,3,4,2,7,1.057,1.057,3.568,1,5,7,5,,7,3,7,5,2,,,"1,2,9",,Violin,"4,10,17",,1,1.425,32.299,34.06,7,2,"B.S. Human Biology, Music studies minor",5,3,1.182,12.324,13.212,7,18,2,2,2,1,4,1,,,USA,USA
4/20/18 18:24,4/20/18 18:36,0,207.151.35.11,100,698,1,4/20/18 18:36,R_uliozTmJsw12zq9,,,,,34.02659607,-118.2830963,anonymous,EN,sub-24,3.563,80.187,81.297,39,3,1,1,2,1,1,1,4,3,3,1,1,2,1,4,1,2,4,4,4,4,5,3,3,4,5,4,2,2,1,1,4,1.838,31.763,33.009,12,5,4,1,2,1,2,4,1.247,32.848,34.076,11,5,4,2,4,3,4,1,1.676,28.697,29.795,15,3,3,1,2,4,3,3,3.622,30.445,31.631,16,3,3,2,1,4,4,1,4,14.399,51.843,55.698,18,2,2,2,2,2,0,0,1,2,13.152,39.409,42.667,10,2,2,2,2,0,1,0,1,9.469,34.053,35.208,8,3,3,4,5,7,3.41,22.85,23.991,9,6,6,5,6,6,3.74,21.788,22.879,9,1,6,2,2,7,3.424,18.31,19.547,8,4,3,7,5,5,4.731,18.249,19.366,9,6,7,2,6,2,1.316,23.48,26.302,15,7,3,7,7,6,6,1.938,1.938,5.705,1,6,7,5,,7,4,6,4,5,,,1,,"clarinet, piano, guitar","19,21,22",,2,9.844,33.767,41.839,8,2,PhD Student in Urban Education Policy,8,6,1.664,19.099,20.235,11,28,1,1,1,1,1,1,,,USA,USA
4/23/18 17:42,4/23/18 18:02,0,207.151.35.13,100,1167,1,4/23/18 18:02,R_3POc8jroHSKfr18,,,,,34.02659607,-118.2830963,anonymous,EN,sub-25,4.316,108.423,110.689,18,1,5,4,5,5,5,4,1,1,1,1,4,1,5,1,4,1,6,5,5,5,4,5,2,5,4,5,2,2,3,3,5,8.96,80.167,81.374,7,5,5,1,4,5,1,1,9.07,110.696,112.059,8,1,4,5,2,2,2,4,6.832,69.328,70.612,8,5,5,5,4,5,5,3,3.725,81.362,82.75,10,5,5,2,1,1,5,1,1,9.412,72.04,73.268,9,1,1,2,2,3,3,3,2,2,7.718,41.434,43.475,9,2,3,3,3,2,3,3,2,12.21,43.577,44.907,5,5,6,3,3,5,10.027,34.465,35.777,5,6,6,7,1,1,9.343,43.142,44.041,5,3,5,3,3,5,4.431,25.827,26.681,5,7,2,7,7,7,9.427,36.017,37.204,5,5,6,3,5,3,8.293,34.25,35.351,6,5,5,6,6,6,7,1.884,1.884,8.612,1,11,3,2,,4,2,2,5,3,,,"3,5,6,10,11",,NA,"1,19,21",,2,14.276,86.01,88.576,4,1,Major in Biological Sciences with minor in Biotechnology,5,3,2.002,22.945,24.177,8,22,1,1,1,1,"1,6",1,,,American,USA
4/25/18 15:47,4/25/18 16:12,0,207.151.35.5,100,1472,1,4/25/18 16:12,R_3fT8Myt1hEn6PPd,,,,,34.02659607,-118.2830963,anonymous,EN,sub-26,2.295,210.734,211.874,38,4,2,3,4,3,5,4,2,4,4,4,4,2,3,4,3,3,5,4,2,2,5,2,5,5,5,6,3,3,5,3,6,14.816,81.632,86.745,9,4,4,3,5,4,3,3,8.495,90.434,112.685,15,4,4,4,5,2,4,2,6.345,69.17,74.14,10,3,2,2,2,2,5,5,3.286,53.166,60.335,10,3,2,2,2,4,5,2,4,14.705,68.92,70.733,17,2,2,1,2,1,1,1,1,2,6.846,102.776,106.377,21,1,1,2,2,1,1,0,2,6.424,35.97,39.497,5,5,2,2,2,4,7.091,43.561,45.871,8,5,5,6,3,3,5.564,39.3,40.161,5,3,5,3,3,5,3.365,32.995,36.484,5,5,5,5,5,3,4.165,28.479,36.341,6,7,5,3,5,5,5.164,42.275,46.175,6,5,5,5,2,2,6,1.103,21.459,28.607,2,10,4,3,,5,3,1,5,2,,,2,,"piano, guitar","7,12,17,22",,2,2.404,55.674,57.048,5,2,Human Biology; Theatre (unofficial),5,3,1.416,16.901,18.146,7,19,2,2,2,1,4,1,,,American,United States
4/30/18 12:09,4/30/18 12:27,0,207.151.35.11,100,1104,1,4/30/18 12:27,R_3m8cJykMCGUuaJv,,,,,34.02659607,-118.2830963,anonymous,EN,sub-27,7.682,125.73,127.164,22,4,1,1,4,1,4,3,3,2,2,4,2,1,3,3,2,4,7,4,3,2,2,2,2,5,4,6,2,2,2,2,5,17.526,77.447,80.57,9,2,2,2,4,3,3,4,6.074,47.519,48.844,8,3,3,4,3,2,4,5,4.54,51.141,52.012,11,4,1,3,1,3,3,3,3.335,50.365,52.045,10,3,1,2,3,3,4,3,2,6.751,43.718,45.585,11,1,1,1,1,0,1,0,0,2,14.66,73.164,76.484,8,1,1,0,0,0,0,0,2,9.555,45.27,46.18,8,5,3,4,3,7,6.383,31.109,32.006,6,5,6,6,3,6,4.955,33.374,35.112,6,1,7,2,1,7,6.37,28.739,29.779,5,5,6,7,6,4,5.556,26.992,27.849,6,2,7,1,6,4,5.099,30.035,30.83,6,6,1,3,4,3,5,2.226,2.226,5.563,1,6,6,5,,7,3,6,3,4,,,1,,"Piano, Voice","4,12,17",,2,7.679,33.305,34.775,4,5,Composer,8,7,1.974,27.807,31.026,7,28,1,1,1,1,4,1,,,Indian,India
5/1/18 12:38,5/1/18 14:59,0,207.151.35.11,100,8435,1,5/1/18 14:59,R_1imIz6Jp0NilX73,,,,,34.02659607,-118.2830963,anonymous,EN,sub-28,8.224,123.855,127.078,19,5,3,2,5,3,4,4,5,3,4,4,4,4,2,4,2,4,6,5,4,4,2,2,5,5,5,4,2,2,6,2,4,5.853,52.202,53.184,9,5,5,2,1,4,2,3,7.223,51.545,53.088,11,4,5,2,5,1,2,1,47.023,94.066,99.291,8,2,2,1,1,4,5,4,5.954,55.983,58.933,8,5,3,2,2,3,4,2,2,15.699,69.728,74.822,9,0,2,2,2,0,1,0,0,2,10.54,53.204,54.213,10,1,1,2,1,0,1,0,1,7.196,36.116,37.15,6,7,4,3,5,7,5.254,26.616,27.507,6,6,7,5,2,3,10.122,36.964,38.066,5,4,5,5,2,6,4.794,22.282,23.33,5,6,4,5,5,7,20.023,39.638,40.445,5,4,5,2,3,3,8.311,40.441,42.552,8,4,5,4,5,5,5,2.443,2.443,8.767,1,7,3,5,,5,2,1,3,5,,,"1,3,4,5,7,8,12",hip hop,n/a,"12,13,15,19,22,23",,2,10.309,36.691,39.01,5,2,Neuroscience Major - Global Health minor,4,3,1.229,15.072,20.205,7,19,2,2,2,1,2,2,Bambara and english - have two first languages,19,American,U.S and frequent travel to Bamako Mali
5/9/18 12:53,5/9/18 13:11,0,207.151.35.11,100,1073,1,5/9/18 13:11,R_bga1y3h0fC1BFfP,,,,,34.02659607,-118.2830963,anonymous,EN,sub-29,3.781,126.539,131.201,18,4,3,2,5,3,4,4,4,4,5,1,4,3,3,4,3,2,6,4,2,2,5,2,2,5,3,4,2,2,4,3,5,19.181,64.177,66.328,7,3,4,2,2,5,4,1,3.884,44.728,46.568,7,4,5,3,5,3,3,1,8.815,40.687,42.511,7,4,4,2,2,3,4,5,8.194,45.897,46.978,8,4,5,2,2,4,5,1,4,8.567,72.098,74.993,9,0,1,0,2,0,1,0,0,2,8.682,34.395,36.862,8,1,2,1,2,0,1,0,2,7.086,26.715,29.174,6,2,5,1,2,6,6.605,27.405,28.568,5,4,2,3,1,3,12.373,42.586,44.782,5,5,4,2,3,2,6.796,29.511,30.634,5,7,6,5,4,5,8.548,47.116,51.388,5,6,3,4,5,6,3.824,32.844,34.407,7,6,7,4,1,1,7,2.16,3.434,10.42,3,7,5,3,,5,3,2,2,2,,,"1,2,4",,"piano, panflute","7,17,19",,2,2.088,36.214,37.746,4,1,PhD student (Public Policy),9,6,2.388,17.407,18.836,7,33,2,2,2,1,4,1,,,US,Mainly US and a few years in South Korea
5/9/18 18:18,5/9/18 18:27,0,207.151.35.13,100,524,1,5/9/18 18:27,R_3MmMlJdeLNDXAmr,,,,,34.02659607,-118.2830963,anonymous,EN,sub-30,3.984,67.683,69.518,19,2,5,5,5,5,5,5,1,1,1,1,5,5,4,2,5,1,4,1,1,1,2,1,3,4,3,5,1,1,1,1,3,5.33,32.837,35.507,9,5,5,4,4,1,5,4,5.655,23.156,24.186,7,4,4,5,2,5,5,1,3.976,18.365,19.281,7,4,1,5,1,1,3,3,2.726,21.749,23.008,9,4,1,2,4,2,1,4,3,7.095,36.384,37.04,10,1,1,1,2,2,1,1,0,2,3.936,12.492,14.407,8,3,3,3,3,3,3,3,2,3.654,14.304,15.679,5,1,4,1,1,1,3.882,26.659,27.791,5,6,1,1,4,1,7.22,25.858,30.714,5,6,3,5,7,2,4.103,19.335,20.312,5,7,6,3,4,5,3.966,20.106,23.575,6,7,3,3,7,7,8.206,24.167,25.4,6,5,7,5,1,1,5,1.92,1.92,5.861,1,20,,,,,,1,2,2,,,,,,"17,18,23",,2,2.164,32.063,34.851,4,1,Health and Human Sciences ,4,3,1.508,13.225,14.873,8,21,2,2,2,1,4,2,Vietnamese ,20,American,America
5/10/18 13:03,5/10/18 13:18,0,207.151.35.13,100,933,1,5/10/18 13:18,R_1O0klWLuwsLynnj,,,,,34.02659607,-118.2830963,anonymous,EN,sub-31,3.443,149.061,150.666,21,5,1,1,3,2,5,1,5,5,4,4,1,5,4,5,4,5,7,5,7,7,5,7,4,6,4,6,2,4,5,4,7,10.485,63.215,64.048,7,5,4,2,1,5,3,1,6.344,49.907,51.202,11,5,5,4,4,2,3,3,6.721,51.905,54.007,8,4,2,2,1,5,5,5,3.633,62.572,63.403,9,5,5,2,1,4,5,1,5,13.138,34.812,36.236,9,0,0,0,0,0,0,0,0,1,12.02,31.587,33.641,10,0,0,0,0,0,0,0,1,3.703,21.707,22.544,6,7,7,7,4,7,5.63,19.609,20.741,5,7,7,7,1,7,5.109,23.772,26.788,5,1,7,1,1,7,45.032,60.675,61.539,5,7,1,7,7,7,6.033,27.318,28.194,6,1,7,1,7,4,3.418,23.811,24.354,9,7,1,7,7,7,7,1.616,1.616,3.849,1,4,7,7,,7,3,7,7,6,,,"1,3",,Violin,"4,13,16",,1,2.005,41.2,42.949,6,1,Masters in Piano Performance,8,4,1.409,20.749,26.507,8,27,1,1,1,1,"4,7",1,,,American,USA
5/10/18 17:54,5/10/18 18:11,0,207.151.35.13,100,996,1,5/10/18 18:11,R_2TLdmoNg8B9Qzye,,,,,34.02659607,-118.2830963,anonymous,EN,sub-32,6.831,217.379,218.408,66,4,4,4,5,5,4,4,2,3,4,4,5,2,4,3,5,3,5,4,3,4,4,2,4,5,5,4,4,4,4,3,5,3.621,45.974,47.097,15,4,4,3,5,3,4,3,3.713,50.196,51.174,15,4,3,4,4,2,4,3,26.456,61.908,62.609,17,3,2,4,3,5,4,5,2.416,39.927,42.436,17,3,1,2,1,2,3,1,4,5.438,57.938,58.805,13,1,1,1,1,1,1,1,2,2,4.464,28.954,30.055,12,1,1,1,1,1,1,1,2,9.128,38.162,39.222,10,4,5,2,1,4,6.907,37.278,38.444,14,4,5,5,1,1,6.105,51.618,52.468,14,5,3,4,7,6,4.996,27.955,28.563,11,6,7,2,5,7,6.776,28.804,30.047,10,5,3,6,5,7,3.794,35.245,36.685,16,4,7,4,3,1,7,1.939,1.939,5.002,1,20,,,,,,1,5,3,,,,,n/a,"4,16,21",,2,3.359,31.633,32.658,7,4,Project coordinator,9,7,1.788,41.354,42.22,18,49,1,1,1,1,1,1,,,PartCZech/irish/welch,usa
5/14/18 18:58,5/14/18 19:12,0,207.151.35.13,100,827,1,5/14/18 19:12,R_3gSdCC6UkIy0wC4,,,,,34.02659607,-118.2830963,anonymous,EN,sub-33,3.945,88.642,89.925,23,4,2,2,4,4,4,3,5,4,4,2,4,2,4,3,4,4,4,3,3,4,5,2,5,5,5,5,3,4,5,5,6,10.051,38.488,40.194,7,4,5,2,3,2,4,4,2.22,38.898,40.164,9,5,4,1,5,3,2,2,8.662,33.974,35.857,7,3,1,3,2,5,5,3,3.814,42.754,44.363,10,4,2,2,1,2,3,1,4,10.687,59.679,61.904,9,1,0,0,0,1,1,0,0,1,4.942,38.067,39.663,11,1,1,1,0,0,1,2,2,15.107,41.266,42.493,6,2,4,3,2,6,6.13,22.239,23.12,6,5,5,6,3,5,6.139,31.948,32.856,5,4,4,2,7,5,5.374,21.72,22.38,6,6,4,5,5,6,4.028,31.741,32.722,7,7,5,5,5,6,6.691,23.982,24.907,6,5,7,5,5,2,6,1.513,4.508,5.58,2,20,,,,,,1,5,2,,,,,NA,"4,7,21",,2,2.878,25.426,26.929,5,3,Network Engineer,8,7,1.622,12.409,15.046,7,25,1,1,1,1,1,1,,,American Caucasian. I have a wide mix of European ancestries so it's hard to articulate a specific nationality as such,USA (Ohio)
5/15/18 13:23,5/15/18 13:45,0,207.151.35.13,100,1360,1,5/15/18 13:45,R_1ez7KZQi1ErUin3,,,,,34.02659607,-118.2830963,anonymous,EN,sub-34,5.347,168.602,170.003,21,5,5,2,5,5,4,3,4,2,4,5,2,5,4,5,4,2,7,7,6,1,6,1,3,7,7,7,4,4,4,4,7,22.909,62.721,63.823,9,5,5,5,4,1,3,4,8.702,47.359,48.521,10,1,5,5,5,5,2,1,8.558,52.364,54.303,8,3,4,4,3,4,5,5,3.382,57.109,58.115,11,5,5,2,2,2,4,1,3,9.187,108.651,109.702,13,1,1,1,1,1,1,1,1,2,6.254,60.279,62.249,9,0,0,1,1,2,2,1,1,8.909,38.513,39.378,6,7,7,1,5,6,5.573,44.258,45.654,12,6,5,6,1,3,10.965,56.179,57.386,8,2,6,2,2,7,6.153,33.347,35.121,9,7,2,7,6,7,6.114,26.517,27.396,6,5,6,2,7,5,5.52,38.263,39.268,7,7,3,6,5,4,5,2.273,2.273,6.521,1,6,5,4,,5,2,1,2,6,,,"2,4,12",Latin,NA,"12,17,19",,2,9.298,51.573,52.48,7,4,Professional Dance Instructor,8,7,3.438,40.108,41.327,9,24,1,1,1,1,"1,5,6",1,,,American ,United States of America 
5/16/18 17:07,5/16/18 17:22,0,207.151.35.13,100,900,1,5/16/18 17:22,R_UsayyjPHRyuN4el,,,,,34.02659607,-118.2830963,anonymous,EN,sub-35,21.632,115.212,116.347,20,5,1,1,4,3,5,4,4,4,5,5,3,3,3,4,2,5,5,4,5,5,5,4,5,6,5,6,3,5,4,2,7,11.467,51.354,52.277,9,4,4,2,2,4,2,2,11.65,43.45,44.98,7,4,4,3,5,2,2,2,7.723,49.032,50.006,10,2,4,2,1,5,4,4,4.809,61.283,62.137,10,3,5,2,1,4,5,2,3,14.458,70.278,71.706,9,0,1,0,1,0,1,0,0,1,5.758,30.684,32.107,8,1,1,1,1,0,1,0,1,7.466,25.816,26.687,6,7,7,5,7,7,4.544,22.667,23.129,6,6,7,7,1,7,6.723,30.717,31.86,5,1,7,1,1,6,4.087,19.986,21.085,5,7,2,7,7,7,3.919,33.594,34.372,7,1,7,1,7,4,8.115,33.519,34.558,7,6,7,6,7,5,7,1.487,1.487,4.118,1,8,7,7,,7,7,7,7,4,,,1,,"Clarinet, Saxophone, Piano, Trumpet, Flute, Recorder, Melodica","4,10,13",,2,4.106,15.241,16.275,4,5,Musician,11,7,1.508,20.945,22.067,8,28,1,1,1,1,"1,4",1,,,American,USA
5/21/18 15:44,5/21/18 15:58,0,207.151.35.13,100,864,1,5/21/18 15:58,R_2alPpPeCc5o54vu,,,,,34.02659607,-118.2830963,anonymous,EN,sub-36,5.378,116.86,119.218,21,5,4,2,2,3,4,4,4,4,3,5,5,5,3,3,3,3,5,3,3,3,3,2,4,4,4,4,3,2,2,2,5,13.913,70.326,71.524,7,2,2,3,3,4,4,1,4.964,45.8,47.346,8,3,5,4,3,3,3,2,6.893,49.942,50.856,8,3,1,3,2,3,3,3,5.955,50.454,51.588,8,3,3,2,2,3,2,2,2,4.365,35.662,36.58,9,0,0,0,0,0,0,1,0,1,12.848,48.848,50.454,9,1,0,1,1,0,1,0,1,6.988,30.796,31.444,5,7,5,3,4,7,5.48,21.891,22.613,5,5,6,4,3,7,7.859,35.85,36.715,6,2,6,2,1,7,4.159,22.749,24.415,6,7,4,5,5,5,7.579,25.807,27.498,7,3,6,3,4,2,4.902,27.626,28.36,7,7,1,6,6,4,6,1.555,2.125,10.917,2,7,7,5,,7,3,6,6,1,,,"2,4,6",,piano,"16,17,23",,2,3.255,25.942,26.946,4,1,music major,9,6,1.608,20.049,21.032,7,35,2,2,2,1,1,1,,,USA,USA
5/23/18 12:48,5/23/18 13:07,0,207.151.35.13,100,1164,1,5/23/18 13:07,R_3J9u1VR8BpOerkq,,,,,34.02659607,-118.2830963,anonymous,EN,sub-37,3.706,224.832,227.09,20,5,3,1,3,5,1,4,4,4,5,1,5,3,5,5,3,4,7,7,6,4,5,3,5,5,5,6,3,4,2,2,7,12.891,72.581,73.616,7,5,5,1,1,5,3,1,5.968,70.14,71.858,11,4,5,2,5,1,1,1,8.094,46.616,47.433,10,3,5,2,1,3,5,5,3.507,84.671,86.054,9,5,5,2,2,4,5,2,3,6.007,49.819,50.917,11,0,0,1,2,2,2,0,0,1,26.168,55.183,56.356,10,1,1,1,1,0,1,3,1,1.115,48.035,50.138,9,5,7,1,7,6,5.157,36.028,38.018,8,7,4,6,1,4,12.746,44.325,45.438,6,5,3,3,7,4,3.636,28.709,34.457,7,7,7,3,3,7,6.109,26.807,28.645,5,6,6,7,6,7,4.78,37.237,39.748,14,6,7,6,6,3,7,1.804,3.798,6.397,2,20,,,,,,1,2,6,,,,,,"8,17,23",,2,10.839,36.229,38.16,4,5,Actor,8,7,1.61,25.701,26.774,10,32,2,4,2,1,"1,7",2,Armenian,30,Armenian,United States of America
6/5/18 13:29,6/5/18 13:45,0,207.151.35.13,100,908,1,6/5/18 13:45,R_1OlONKyzHKslI9Z,,,,,34.02659607,-118.2830963,anonymous,EN,sub-38,3.426,102.221,103.473,21,4,2,4,5,3,3,4,4,3,4,4,4,2,4,3,4,3,5,4,4,4,5,4,4,5,5,4,2,3,2,2,4,17.557,78.199,79.54,13,2,3,1,4,2,2,4,5.298,49.132,51.046,10,5,4,3,4,4,4,3,6.412,33.443,34.27,10,2,3,3,3,4,3,5,2.531,48.784,49.777,13,4,4,2,1,5,4,1,5,5.285,47.015,48.712,14,1,0,0,1,0,0,0,0,1,15.437,50.263,52.18,11,1,0,0,1,0,1,0,1,6.619,33.23,34.732,7,5,6,4,2,5,5.681,25.889,27.188,6,5,5,7,2,3,7.505,38.939,39.686,8,3,5,4,3,4,6.171,26.172,27.232,5,7,5,5,5,5,7.356,23.11,24.018,5,5,5,3,4,7,6.059,30.452,31.436,7,5,5,6,2,1,7,2.103,7.674,9.909,2,6,5,3,,6,3,3,6,3,,,1,,Cavaquinho,"6,12,19",,2,5.546,29.816,30.726,4,5,"Consultant for PepsiCo and Founder of an arts nonprofit, Paint the World",9,7,1.263,20.679,21.594,7,27,2,2,2,1,1,1,,,American,United States
6/12/18 13:37,6/12/18 13:50,0,207.151.35.13,100,815,1,6/12/18 13:50,R_2WBzoo1DsIyQcSN,,,,,34.02659607,-118.2830963,anonymous,EN,sub-39,5.14,89.051,92.842,18,5,2,1,2,4,5,4,4,4,4,3,2,4,3,4,2,4,5,4,5,4,5,4,3,4,4,5,4,3,5,3,6,6.964,35.313,36.471,7,4,4,2,2,3,2,3,23.073,53.36,60.166,9,3,4,4,4,3,3,3,5.056,31.51,32.827,7,2,4,3,2,3,2,4,5.08,45.21,46,8,3,3,2,2,4,4,2,4,11.055,60.559,62.046,9,0,1,2,2,1,1,1,0,2,3.754,33.275,34.427,8,2,2,2,2,1,1,2,2,5.823,27.43,28.255,6,6,6,4,5,6,7.389,23.058,23.994,5,5,6,6,3,4,5.611,30.236,30.775,6,3,6,2,1,6,5.798,28.045,28.801,6,5,3,6,5,5,10.308,34.171,34.987,6,2,6,3,6,4,5.527,25.082,25.985,6,6,2,6,5,3,6,1.345,1.345,8.057,1,8,5,3,,6,4,4,7,3,,,"1,6,12",electronic,"bass, Ableton","6,19,23",,2,4.967,27.765,28.57,3,7,,8,7,1.356,14.02,14.843,7,23,1,1,1,1,1,1,,,USA,USA
6/12/18 17:49,6/12/18 18:08,0,207.151.35.13,100,1133,1,6/12/18 18:08,R_2zCijQMjAKY7DPP,,,,,34.02659607,-118.2830963,anonymous,EN,sub-40,9.307,162.416,163.825,18,4,3,2,4,3,3,3,3,3,3,4,3,4,3,3,3,3,5,2,3,3,4,2,2,6,6,6,1,3,2,2,5,16.276,70.059,71.183,9,2,4,2,1,2,2,2,6.399,54.133,61.558,10,5,4,1,3,3,2,2,9.49,45.888,46.878,7,2,2,1,1,5,3,4,5.182,65.656,68.463,10,3,4,2,1,4,4,1,5,9.232,42.167,43.939,9,0,0,1,1,1,0,0,1,2,8.781,41.342,42.917,8,1,1,1,1,0,1,0,2,5.854,31.064,32.669,5,5,5,2,3,5,6.532,26.125,27.19,5,6,6,7,2,4,6.877,43.317,44.501,7,2,6,2,2,6,12.027,39.133,40.102,7,6,2,7,6,6,11.283,30.728,31.791,5,4,7,4,5,5,5.648,34.621,35.546,7,6,1,6,5,5,5,3.268,7.941,11.176,2,10,6,5,,4,5,3,6,3,,,"3,6,7",,"Drums, Guitar, Bass, Keyboard, Saxophone","3,21,23",,2,4.277,31.926,37.09,4,3,Technology Consulting,8,7,1.872,25.706,26.772,7,27,1,1,1,1,1,1,,,"Irish, Scottish",United States